sweep_group,target_value,match_id,category,exact,within_2,within_5,within_25,within_50,valid,mean_diff
BA,0.0,J03WMX,pass_like,0.9693978282329714,0.9743336623889437,0.9802566633761106,0.9861796643632774,0.9911154985192497,0.998025666337611,0.7497527200791295
BA,0.0,J03WMX,set_piece,1.0,1.0,1.0,1.0,1.0,1.0,0.0
BA,0.0,J03WMX,incoming,0.8909090909090909,0.9,0.9090909090909091,0.9363636363636364,0.9454545454545454,1.0,5.927272727272728
BA,0.0,J03WMX,minor,0.7888888888888889,0.8,0.8,0.9222222222222223,0.9666666666666667,0.9777777777777777,3.7954545454545454
BA,0.0,J03WMX,event_start,0.9526717557251908,0.9580152671755725,0.9633587786259542,0.9786259541984733,0.9862595419847329,0.9969465648854962,1.335375191424196
BA,0.0,J03WMX,event_end,0.9279279279279279,0.9342342342342342,0.9432432432432433,0.9666666666666667,0.9774774774774775,0.9918918918918919,1.9763421292083712
BA,0.0,J03WMX,total,0.9413223140495868,0.947107438016529,0.9541322314049587,0.9731404958677686,0.9822314049586777,0.9946280991735538,1.6181818181818182
BA,0.0,J03WN1,pass_like,0.9611780455153949,0.9705488621151271,0.9718875502008032,0.9825970548862115,0.9919678714859438,1.0,1.4069611780455153
BA,0.0,J03WN1,set_piece,0.9789473684210527,0.9789473684210527,0.9894736842105263,0.9894736842105263,0.9894736842105263,0.9894736842105263,0.0425531914893617
BA,0.0,J03WN1,incoming,0.8588235294117647,0.8705882352941177,0.8705882352941177,0.8823529411764706,0.9529411764705882,0.9882352941176471,5.119047619047619
BA,0.0,J03WN1,minor,0.7564102564102564,0.7692307692307693,0.7948717948717948,0.8461538461538461,0.8717948717948718,0.9743589743589743,10.697368421052632
BA,0.0,J03WN1,event_start,0.9383084577114428,0.9472636815920398,0.9512437810945273,0.9641791044776119,0.9791044776119403,0.9960199004975124,2.295704295704296
BA,0.0,J03WN1,event_end,0.9073634204275535,0.9180522565320665,0.9239904988123515,0.9501187648456056,0.9679334916864608,0.9893111638954869,2.5078407720144753
BA,0.0,J03WN1,total,0.924201407688143,0.9339469409853817,0.9388197076340011,0.9577693557119653,0.9740119112073633,0.9929615592853276,2.36978884677856
BA,0.0,J03WPY,pass_like,0.967741935483871,0.978494623655914,0.9795698924731183,0.9827956989247312,0.9870967741935484,0.9967741935483871,1.7993527508090614
BA,0.0,J03WPY,set_piece,0.9555555555555556,0.9555555555555556,0.9555555555555556,0.9555555555555556,0.9555555555555556,0.9555555555555556,0.0
BA,0.0,J03WPY,incoming,0.86,0.88,0.89,0.91,0.96,1.0,8.18
BA,0.0,J03WPY,minor,0.8095238095238095,0.8253968253968254,0.8253968253968254,0.8888888888888888,0.9682539682539683,1.0,8.126984126984127
BA,0.0,J03WPY,event_start,0.9492814877430262,0.9602704987320372,0.9619611158072696,0.9695688926458157,0.981403212172443,0.9940828402366864,2.5493197278911564
BA,0.0,J03WPY,event_end,0.9284313725490196,0.942156862745098,0.9441176470588235,0.9549019607843138,0.9627450980392157,0.9813725490196078,1.998998998998999
BA,0.0,J03WPY,total,0.9396277802995915,0.9518837948252383,0.9536995006808897,0.9627780299591466,0.9727644121652292,0.988197911938266,2.2673626872446664
BA,0.0,ALL,pass_like,0.966542750929368,0.9747211895910781,0.9776951672862454,0.9840148698884759,0.9899628252788104,0.9981412639405205,1.2951292058336747
BA,0.0,ALL,set_piece,0.9787234042553191,0.9787234042553191,0.9822695035460993,0.9822695035460993,0.9822695035460993,0.9822695035460993,0.014335295005281426
BA,0.0,ALL,incoming,0.8711864406779661,0.8847457627118644,0.8915254237288136,0.911864406779661,0.9525423728813559,0.9966101694915255,6.458030669895077
BA,0.0,ALL,minor,0.7835497835497836,0.7965367965367965,0.8051948051948052,0.8874458874458875,0.935064935064935,0.9826839826839827,7.307297168541188
BA,0.0,ALL,event_start,0.9473985134362493,0.9556889651229273,0.9594053744997141,0.9714122355631789,0.9825614636935391,0.9957118353344768,2.0218323487832337
BA,0.0,ALL,event_end,0.9222745625841184,0.9323687752355316,0.9380888290713324,0.9579407806191117,0.9697173620457604,0.9875504710632571,2.134697399877678
BA,0.0,ALL,total,0.9358578052550232,0.9449768160741886,0.9496136012364761,0.9652241112828439,0.976661514683153,0.9919629057187017,2.053786707882535
BA,0.25,J03WMX,pass_like,0.9703849950641659,0.9753208292201382,0.981243830207305,0.9842053307008884,0.9911154985192497,0.9990128331688055,0.8517786561264822
BA,0.25,J03WMX,set_piece,1.0,1.0,1.0,1.0,1.0,1.0,0.0
BA,0.25,J03WMX,incoming,0.9272727272727272,0.9363636363636364,0.9363636363636364,0.9545454545454546,0.9636363636363636,1.0,2.6545454545454548
BA,0.25,J03WMX,minor,0.9111111111111111,0.9111111111111111,0.9111111111111111,0.9555555555555556,0.9888888888888889,1.0,2.3666666666666667
BA,0.25,J03WMX,event_start,0.9648854961832061,0.9694656488549618,0.9740458015267176,0.9809160305343512,0.9893129770992366,0.999236641221374,1.0443086325439266
BA,0.25,J03WMX,event_end,0.918018018018018,0.9234234234234234,0.9306306306306307,0.9522522522522523,0.9774774774774775,0.9927927927927928,2.6445454545454545
BA,0.25,J03WMX,total,0.9433884297520662,0.9483471074380165,0.9541322314049587,0.9677685950413223,0.9838842975206612,0.9962809917355372,1.7669421487603305
BA,0.25,J03WN1,pass_like,0.9705488621151271,0.9785809906291834,0.9799196787148594,0.9892904953145917,0.9933065595716198,1.0,0.8165997322623829
BA,0.25,J03WN1,set_piece,0.9789473684210527,0.9789473684210527,0.9894736842105263,0.9894736842105263,0.9894736842105263,0.9894736842105263,0.0425531914893617
BA,0.25,J03WN1,incoming,0.9058823529411765,0.9176470588235294,0.9176470588235294,0.9294117647058824,0.9647058823529412,0.9882352941176471,3.238095238095238
BA,0.25,J03WN1,minor,0.9487179487179487,0.9487179487179487,0.9487179487179487,0.9487179487179487,0.9487179487179487,1.0,5.346153846153846
BA,0.25,J03WN1,event_start,0.9641791044776119,0.9711442786069652,0.9731343283582089,0.981094527363184,0.9870646766169154,0.9980099502487563,1.2991026919242272
BA,0.25,J03WN1,event_end,0.8954869358669834,0.9049881235154394,0.9109263657957245,0.9346793349168646,0.9572446555819477,0.9893111638954869,3.7430639324487336
BA,0.25,J03WN1,total,0.9328641039523552,0.9409853817000542,0.944775311315647,0.9599350297780184,0.9734704926908501,0.9940443963183541,2.3854899837574446
BA,0.25,J03WPY,pass_like,0.9698924731182795,0.9806451612903225,0.9817204301075269,0.9838709677419355,0.9881720430107527,0.9967741935483871,1.3247033441208198
BA,0.25,J03WPY,set_piece,0.9555555555555556,0.9555555555555556,0.9555555555555556,0.9555555555555556,0.9555555555555556,0.9555555555555556,0.0
BA,0.25,J03WPY,incoming,0.86,0.87,0.88,0.89,0.94,1.0,11.07
BA,0.25,J03WPY,minor,0.873015873015873,0.8888888888888888,0.8888888888888888,0.9523809523809523,0.9682539682539683,1.0,5.079365079365079
BA,0.25,J03WPY,event_start,0.9543533389687235,0.9644970414201184,0.9661876584953508,0.9721048182586645,0.9805579036348268,0.9940828402366864,2.25765306122449
BA,0.25,J03WPY,event_end,0.9205882352941176,0.9352941176470588,0.9362745098039216,0.9470588235294117,0.9598039215686275,0.9803921568627451,2.6316316316316315
BA,0.25,J03WPY,total,0.9387199273717658,0.9509759418974126,0.9523377212891512,0.9605083976395824,0.9709487063095779,0.9877439854743532,2.398547435315479
BA,0.25,ALL,pass_like,0.9702602230483272,0.9780669144981413,0.9810408921933086,0.9855018587360594,0.9907063197026023,0.9985130111524163,1.0055114827838247
BA,0.25,ALL,set_piece,0.9787234042553191,0.9787234042553191,0.9822695035460993,0.9822695035460993,0.9822695035460993,0.9822695035460993,0.014335295005281426
BA,0.25,ALL,incoming,0.8983050847457628,0.9084745762711864,0.911864406779661,0.9254237288135593,0.9559322033898305,0.9966101694915255,5.675383373688458
BA,0.25,ALL,minor,0.9134199134199135,0.9177489177489178,0.9177489177489178,0.9523809523809523,0.9696969696969697,1.0,4.112554112554113
BA,0.25,ALL,event_start,0.9611206403659234,0.9682675814751286,0.9711263579188107,0.9779874213836478,0.9857061177815895,0.9971412235563178,1.5278576573599094
BA,0.25,ALL,event_end,0.9125168236877523,0.9222745625841184,0.926985195154778,0.9454912516823688,0.9656796769851952,0.9875504710632571,2.9513356493713165
BA,0.25,ALL,total,0.9387944358578053,0.9471406491499227,0.9508500772797527,0.9630602782071097,0.9765069551777434,0.9927357032457497,2.158578052550232
BA,0.5,J03WMX,pass_like,0.9674234945705824,0.9723593287265548,0.9782823297137216,0.983218163869694,0.9911154985192497,0.9990128331688055,0.9179841897233202
BA,0.5,J03WMX,set_piece,1.0,1.0,1.0,1.0,1.0,1.0,0.0
BA,0.5,J03WMX,incoming,0.8818181818181818,0.8909090909090909,0.8909090909090909,0.9181818181818182,0.9454545454545454,1.0,5.654545454545454
BA,0.5,J03WMX,minor,0.9,0.9,0.9,0.9444444444444444,0.9888888888888889,1.0,2.6555555555555554
BA,0.5,J03WMX,event_start,0.9580152671755725,0.9625954198473282,0.9671755725190839,0.9763358778625955,0.9877862595419847,0.999236641221374,1.3674560733384262
BA,0.5,J03WMX,event_end,0.8729729729729729,0.8783783783783784,0.8855855855855855,0.9153153153153153,0.9576576576576576,0.9927927927927928,5.1054545454545455
BA,0.5,J03WMX,total,0.9190082644628099,0.9239669421487603,0.9297520661157025,0.9483471074380165,0.9739669421487603,0.9962809917355372,3.0603305785123966
BA,0.5,J03WN1,pass_like,0.9692101740294511,0.9772423025435074,0.9785809906291834,0.9866131191432396,0.9906291834002677,1.0,1.2382864792503347
BA,0.5,J03WN1,set_piece,0.9789473684210527,0.9789473684210527,0.9894736842105263,0.9894736842105263,0.9894736842105263,0.9894736842105263,0.0425531914893617
BA,0.5,J03WN1,incoming,0.8705882352941177,0.8823529411764706,0.8941176470588236,0.9058823529411765,0.9411764705882353,0.9882352941176471,8.678571428571429
BA,0.5,J03WN1,minor,0.8717948717948718,0.8717948717948718,0.8717948717948718,0.8717948717948718,0.8974358974358975,1.0,10.064102564102564
BA,0.5,J03WN1,event_start,0.954228855721393,0.9611940298507463,0.9641791044776119,0.9711442786069652,0.9791044776119403,0.9980099502487563,2.435692921236291
BA,0.5,J03WN1,event_end,0.8444180522565321,0.8527315914489311,0.8598574821852731,0.8954869358669834,0.9323040380047506,0.9893111638954869,7.4825090470446325
BA,0.5,J03WN1,total,0.9041689225771521,0.9117487818083378,0.9166215484569572,0.9366540335679481,0.9577693557119653,0.9940443963183541,4.681104493773687
BA,0.5,J03WPY,pass_like,0.9666666666666667,0.978494623655914,0.9795698924731183,0.9827956989247312,0.9870967741935484,0.9967741935483871,1.4606256742179071
BA,0.5,J03WPY,set_piece,0.9555555555555556,0.9555555555555556,0.9555555555555556,0.9555555555555556,0.9555555555555556,0.9555555555555556,0.0
BA,0.5,J03WPY,incoming,0.81,0.82,0.82,0.84,0.9,1.0,22.08
BA,0.5,J03WPY,minor,0.8571428571428571,0.873015873015873,0.873015873015873,0.9365079365079365,0.9523809523809523,1.0,5.825396825396825
BA,0.5,J03WPY,event_start,0.9467455621301775,0.9577345731191885,0.9585798816568047,0.9661876584953508,0.9754860524091293,0.9940828402366864,3.3409863945578233
BA,0.5,J03WPY,event_end,0.8450980392156863,0.8578431372549019,0.8578431372549019,0.8813725490196078,0.9225490196078432,0.9803921568627451,8.367367367367367
BA,0.5,J03WPY,total,0.899682251475261,0.911484339536995,0.9119382660009079,0.9269178393100318,0.9509759418974126,0.9877439854743532,5.577848388561053
BA,0.5,ALL,pass_like,0.9676579925650558,0.9758364312267658,0.978810408921933,0.9840148698884759,0.9895910780669145,0.9985130111524163,1.1945352643912184
BA,0.5,ALL,set_piece,0.9787234042553191,0.9787234042553191,0.9822695035460993,0.9822695035460993,0.9822695035460993,0.9822695035460993,0.014335295005281426
BA,0.5,ALL,incoming,0.8542372881355932,0.864406779661017,0.8677966101694915,0.888135593220339,0.9288135593220339,0.9966101694915255,12.093825665859564
BA,0.5,ALL,minor,0.8787878787878788,0.8831168831168831,0.8831168831168831,0.9177489177489178,0.948051948051948,1.0,6.021645021645021
BA,0.5,ALL,event_start,0.9531160663236135,0.9605488850771869,0.9634076615208691,0.9714122355631789,0.9811320754716981,0.9971412235563178,2.341802672006208
BA,0.5,ALL,event_end,0.8553162853297442,0.8640646029609691,0.8687752355316285,0.8980484522207268,0.9384253028263796,0.9875504710632571,6.898399016749945
BA,0.5,ALL,total,0.9081916537867079,0.9162287480680061,0.9199381761978361,0.9377125193199382,0.9615146831530139,0.9927357032457497,4.380216383307573
PBD,0.0,J03WMX,pass_like,0.9644619940769991,0.9684106614017769,0.9733464955577492,0.9782823297137216,0.9871668311944719,0.9990128331688055,1.3142292490118577
PBD,0.0,J03WMX,set_piece,1.0,1.0,1.0,1.0,1.0,1.0,0.0
PBD,0.0,J03WMX,incoming,0.8727272727272727,0.8727272727272727,0.8727272727272727,0.8909090909090909,0.9181818181818182,1.0,8.872727272727273
PBD,0.0,J03WMX,minor,0.7111111111111111,0.7333333333333333,0.7555555555555555,0.9111111111111111,0.9555555555555556,1.0,9.11111111111111
PBD,0.0,J03WMX,event_start,0.9419847328244275,0.9465648854961832,0.9519083969465649,0.9679389312977099,0.9801526717557252,0.999236641221374,2.3880825057295647
PBD,0.0,J03WMX,event_end,0.9063063063063063,0.9108108108108108,0.918018018018018,0.9432432432432433,0.972072072072072,0.9927927927927928,3.2618181818181817
PBD,0.0,J03WMX,total,0.9256198347107438,0.9301652892561983,0.9363636363636364,0.9566115702479339,0.9764462809917356,0.9962809917355372,2.7743801652892564
PBD,0.0,J03WN1,pass_like,0.9544846050870147,0.9625167336010709,0.963855421686747,0.9759036144578314,0.9852744310575636,1.0,2.1941097724230256
PBD,0.0,J03WN1,set_piece,0.968421052631579,0.968421052631579,0.9789473684210527,0.9789473684210527,0.9789473684210527,0.9894736842105263,0.8617021276595744
PBD,0.0,J03WN1,incoming,0.8470588235294118,0.8470588235294118,0.8470588235294118,0.8941176470588236,0.9411764705882353,0.9882352941176471,6.226190476190476
PBD,0.0,J03WN1,minor,0.717948717948718,0.7307692307692307,0.7307692307692307,0.8589743589743589,0.8717948717948718,0.9743589743589743,12.078947368421053
PBD,0.0,J03WN1,event_start,0.9283582089552239,0.9353233830845771,0.9373134328358209,0.9601990049751243,0.972139303482587,0.9960199004975124,3.157842157842158
PBD,0.0,J03WN1,event_end,0.8717339667458432,0.8812351543942993,0.8883610451306413,0.9228028503562945,0.9536817102137767,0.9893111638954869,4.875753920386007
PBD,0.0,J03WN1,total,0.9025446670276124,0.9106659447753113,0.9149972929074174,0.9431510557661072,0.9637249593936112,0.9929615592853276,3.899837574445046
PBD,0.0,J03WPY,pass_like,0.9666666666666667,0.9774193548387097,0.978494623655914,0.9806451612903225,0.986021505376344,0.9967741935483871,1.505933117583603
PBD,0.0,J03WPY,set_piece,0.9444444444444444,0.9444444444444444,0.9444444444444444,0.9444444444444444,0.9444444444444444,0.9555555555555556,0.813953488372093
PBD,0.0,J03WPY,incoming,0.81,0.81,0.81,0.83,0.91,1.0,18.23
PBD,0.0,J03WPY,minor,0.7301587301587301,0.746031746031746,0.746031746031746,0.8571428571428571,0.873015873015873,0.9523809523809523,11.416666666666666
PBD,0.0,J03WPY,event_start,0.9391377852916315,0.94843617920541,0.9492814877430262,0.9585798816568047,0.9704142011834319,0.9915469146238377,3.3878942881500427
PBD,0.0,J03WPY,event_end,0.9098039215686274,0.9225490196078432,0.9225490196078432,0.9362745098039216,0.9509803921568627,0.9774509803921568,3.6184738955823295
PBD,0.0,J03WPY,total,0.9255560599182933,0.9364502950522016,0.9369042215161144,0.9482523831139356,0.9614162505674081,0.9850204266908761,3.439854743531548
PBD,0.0,ALL,pass_like,0.962453531598513,0.9698884758364312,0.9724907063197026,0.9784386617100371,0.9862453531598513,0.9985130111524163,1.6248446202980529
PBD,0.0,ALL,set_piece,0.9716312056737588,0.9716312056737588,0.975177304964539,0.975177304964539,0.975177304964539,0.9822695035460993,0.5500621137629359
PBD,0.0,ALL,incoming,0.8440677966101695,0.8440677966101695,0.8440677966101695,0.8711864406779661,0.9220338983050848,0.9966101694915255,11.282122679580306
PBD,0.0,ALL,minor,0.7186147186147186,0.7359307359307359,0.7445887445887446,0.8787878787878788,0.9047619047619048,0.9783549783549783,10.742025518341308
PBD,0.0,ALL,event_start,0.9371069182389937,0.9439679817038308,0.9468267581475128,0.9625500285877644,0.9745568896512292,0.9957118353344768,2.9473694665576327
PBD,0.0,ALL,event_end,0.8977119784656796,0.9064602960969045,0.9111709286675639,0.9350605652759085,0.9596231493943472,0.9865410497981157,3.8414691642924548
PBD,0.0,ALL,total,0.9190108191653786,0.9267387944358578,0.9304482225656878,0.9499227202472952,0.9676970633693972,0.991499227202473,3.32225656877898
PBD,0.25,J03WMX,pass_like,0.9703849950641659,0.9753208292201382,0.981243830207305,0.9842053307008884,0.9911154985192497,0.9990128331688055,0.8517786561264822
PBD,0.25,J03WMX,set_piece,1.0,1.0,1.0,1.0,1.0,1.0,0.0
PBD,0.25,J03WMX,incoming,0.9272727272727272,0.9363636363636364,0.9363636363636364,0.9545454545454546,0.9636363636363636,1.0,2.6545454545454548
PBD,0.25,J03WMX,minor,0.9111111111111111,0.9111111111111111,0.9111111111111111,0.9555555555555556,0.9888888888888889,1.0,2.3666666666666667
PBD,0.25,J03WMX,event_start,0.9648854961832061,0.9694656488549618,0.9740458015267176,0.9809160305343512,0.9893129770992366,0.999236641221374,1.0443086325439266
PBD,0.25,J03WMX,event_end,0.918018018018018,0.9234234234234234,0.9306306306306307,0.9522522522522523,0.9774774774774775,0.9927927927927928,2.6445454545454545
PBD,0.25,J03WMX,total,0.9433884297520662,0.9483471074380165,0.9541322314049587,0.9677685950413223,0.9838842975206612,0.9962809917355372,1.7669421487603305
PBD,0.25,J03WN1,pass_like,0.9705488621151271,0.9785809906291834,0.9799196787148594,0.9892904953145917,0.9933065595716198,1.0,0.8165997322623829
PBD,0.25,J03WN1,set_piece,0.9789473684210527,0.9789473684210527,0.9894736842105263,0.9894736842105263,0.9894736842105263,0.9894736842105263,0.0425531914893617
PBD,0.25,J03WN1,incoming,0.9058823529411765,0.9176470588235294,0.9176470588235294,0.9294117647058824,0.9647058823529412,0.9882352941176471,3.238095238095238
PBD,0.25,J03WN1,minor,0.9487179487179487,0.9487179487179487,0.9487179487179487,0.9487179487179487,0.9487179487179487,1.0,5.346153846153846
PBD,0.25,J03WN1,event_start,0.9641791044776119,0.9711442786069652,0.9731343283582089,0.981094527363184,0.9870646766169154,0.9980099502487563,1.2991026919242272
PBD,0.25,J03WN1,event_end,0.8954869358669834,0.9049881235154394,0.9109263657957245,0.9346793349168646,0.9572446555819477,0.9893111638954869,3.7430639324487336
PBD,0.25,J03WN1,total,0.9328641039523552,0.9409853817000542,0.944775311315647,0.9599350297780184,0.9734704926908501,0.9940443963183541,2.3854899837574446
PBD,0.25,J03WPY,pass_like,0.9698924731182795,0.9806451612903225,0.9817204301075269,0.9838709677419355,0.9881720430107527,0.9967741935483871,1.3247033441208198
PBD,0.25,J03WPY,set_piece,0.9555555555555556,0.9555555555555556,0.9555555555555556,0.9555555555555556,0.9555555555555556,0.9555555555555556,0.0
PBD,0.25,J03WPY,incoming,0.86,0.87,0.88,0.89,0.94,1.0,11.07
PBD,0.25,J03WPY,minor,0.873015873015873,0.8888888888888888,0.8888888888888888,0.9523809523809523,0.9682539682539683,1.0,5.079365079365079
PBD,0.25,J03WPY,event_start,0.9543533389687235,0.9644970414201184,0.9661876584953508,0.9721048182586645,0.9805579036348268,0.9940828402366864,2.25765306122449
PBD,0.25,J03WPY,event_end,0.9205882352941176,0.9352941176470588,0.9362745098039216,0.9470588235294117,0.9598039215686275,0.9803921568627451,2.6316316316316315
PBD,0.25,J03WPY,total,0.9387199273717658,0.9509759418974126,0.9523377212891512,0.9605083976395824,0.9709487063095779,0.9877439854743532,2.398547435315479
PBD,0.25,ALL,pass_like,0.9702602230483272,0.9780669144981413,0.9810408921933086,0.9855018587360594,0.9907063197026023,0.9985130111524163,1.0055114827838247
PBD,0.25,ALL,set_piece,0.9787234042553191,0.9787234042553191,0.9822695035460993,0.9822695035460993,0.9822695035460993,0.9822695035460993,0.014335295005281426
PBD,0.25,ALL,incoming,0.8983050847457628,0.9084745762711864,0.911864406779661,0.9254237288135593,0.9559322033898305,0.9966101694915255,5.675383373688458
PBD,0.25,ALL,minor,0.9134199134199135,0.9177489177489178,0.9177489177489178,0.9523809523809523,0.9696969696969697,1.0,4.112554112554113
PBD,0.25,ALL,event_start,0.9611206403659234,0.9682675814751286,0.9711263579188107,0.9779874213836478,0.9857061177815895,0.9971412235563178,1.5278576573599094
PBD,0.25,ALL,event_end,0.9125168236877523,0.9222745625841184,0.926985195154778,0.9454912516823688,0.9656796769851952,0.9875504710632571,2.9513356493713165
PBD,0.25,ALL,total,0.9387944358578053,0.9471406491499227,0.9508500772797527,0.9630602782071097,0.9765069551777434,0.9927357032457497,2.158578052550232
PBD,0.5,J03WMX,pass_like,0.9713721618953604,0.9763079960513327,0.9822309970384995,0.9861796643632774,0.9911154985192497,0.9990128331688055,0.791501976284585
PBD,0.5,J03WMX,set_piece,1.0,1.0,1.0,1.0,1.0,1.0,0.0
PBD,0.5,J03WMX,incoming,0.9181818181818182,0.9272727272727272,0.9272727272727272,0.9454545454545454,0.9636363636363636,1.0,3.3636363636363638
PBD,0.5,J03WMX,minor,0.8444444444444444,0.8444444444444444,0.8444444444444444,0.8888888888888888,0.9444444444444444,1.0,6.166666666666667
PBD,0.5,J03WMX,event_start,0.9603053435114504,0.9648854961832061,0.9694656488549618,0.9770992366412213,0.9862595419847329,0.999236641221374,1.3185637891520245
PBD,0.5,J03WMX,event_end,0.918018018018018,0.9234234234234234,0.9306306306306307,0.9522522522522523,0.9783783783783784,0.9927927927927928,2.5254545454545454
PBD,0.5,J03WMX,total,0.9409090909090909,0.9458677685950413,0.9516528925619835,0.965702479338843,0.9826446280991735,0.9962809917355372,1.8611570247933884
PBD,0.5,J03WN1,pass_like,0.9678714859437751,0.9772423025435074,0.9785809906291834,0.9866131191432396,0.9933065595716198,1.0,0.9116465863453815
PBD,0.5,J03WN1,set_piece,0.9789473684210527,0.9789473684210527,0.9894736842105263,0.9894736842105263,0.9894736842105263,0.9894736842105263,0.0425531914893617
PBD,0.5,J03WN1,incoming,0.8941176470588236,0.9176470588235294,0.9176470588235294,0.9294117647058824,0.9647058823529412,0.9882352941176471,2.9285714285714284
PBD,0.5,J03WN1,minor,0.9102564102564102,0.9102564102564102,0.9230769230769231,0.9358974358974359,0.9487179487179487,1.0,5.935897435897436
PBD,0.5,J03WN1,event_start,0.9582089552238806,0.9671641791044776,0.9701492537313433,0.9781094527363184,0.9870646766169154,0.9980099502487563,1.3898305084745763
PBD,0.5,J03WN1,event_end,0.8931116389548693,0.9038004750593824,0.9097387173396675,0.9334916864608076,0.9548693586698337,0.9893111638954869,3.925211097708082
PBD,0.5,J03WN1,total,0.9285327558202491,0.9382782891174878,0.9426096372495939,0.9577693557119653,0.9723876556578235,0.9940443963183541,2.5165132647536548
PBD,0.5,J03WPY,pass_like,0.9698924731182795,0.9806451612903225,0.9817204301075269,0.9849462365591398,0.989247311827957,0.9967741935483871,1.279395900755124
PBD,0.5,J03WPY,set_piece,0.9555555555555556,0.9555555555555556,0.9555555555555556,0.9555555555555556,0.9555555555555556,0.9555555555555556,0.0
PBD,0.5,J03WPY,incoming,0.87,0.88,0.89,0.9,0.94,1.0,10.57
PBD,0.5,J03WPY,minor,0.8412698412698413,0.8571428571428571,0.8571428571428571,0.9523809523809523,0.9682539682539683,1.0,5.396825396825397
PBD,0.5,J03WPY,event_start,0.9535080304311073,0.9636517328825022,0.9653423499577346,0.9737954353338969,0.981403212172443,0.9940828402366864,2.1964285714285716
PBD,0.5,J03WPY,event_end,0.9205882352941176,0.9352941176470588,0.9362745098039216,0.9470588235294117,0.9588235294117647,0.9803921568627451,2.6336336336336337
PBD,0.5,J03WPY,total,0.938266000907853,0.9505220154334998,0.9518837948252383,0.9614162505674081,0.9709487063095779,0.9877439854743532,2.3667725828415795
PBD,0.5,ALL,pass_like,0.9698884758364312,0.9780669144981413,0.9810408921933086,0.9858736059479554,0.9910780669144982,0.9985130111524163,0.9935426355682341
PBD,0.5,ALL,set_piece,0.9787234042553191,0.9787234042553191,0.9822695035460993,0.9822695035460993,0.9822695035460993,0.9822695035460993,0.014335295005281426
PBD,0.5,ALL,incoming,0.8949152542372881,0.9084745762711864,0.911864406779661,0.9254237288135593,0.9559322033898305,0.9966101694915255,5.681113801452785
PBD,0.5,ALL,minor,0.8658008658008658,0.8701298701298701,0.8744588744588745,0.922077922077922,0.9523809523809523,1.0,5.878787878787879
PBD,0.5,ALL,event_start,0.9574042309891366,0.9651229273870783,0.9682675814751286,0.9762721555174385,0.9848484848484849,0.9971412235563178,1.6359271654677248
PBD,0.5,ALL,event_end,0.9118438761776582,0.9219380888290714,0.9266487213997309,0.9451547779273217,0.9650067294751009,0.9875504710632571,2.959148249001028
PBD,0.5,ALL,total,0.9364760432766616,0.9452859350850077,0.9491499227202473,0.9619783616692427,0.9757341576506955,0.9927357032457497,2.2204018547140647
KD,0.0,J03WMX,pass_like,0.8716683119447186,0.8756169792694966,0.8963474827245804,0.945705824284304,0.9763079960513327,0.9990128331688055,3.647233201581028
KD,0.0,J03WMX,set_piece,0.9896907216494846,0.9896907216494846,1.0,1.0,1.0,1.0,0.030927835051546393
KD,0.0,J03WMX,incoming,0.7181818181818181,0.7363636363636363,0.7454545454545455,0.8272727272727273,0.8909090909090909,1.0,14.0
KD,0.0,J03WMX,minor,0.7111111111111111,0.7777777777777778,0.8333333333333334,0.8888888888888888,0.9555555555555556,1.0,6.3
KD,0.0,J03WMX,event_start,0.8564885496183207,0.8656488549618321,0.8870229007633588,0.9358778625954198,0.9694656488549618,0.999236641221374,4.4316271963330784
KD,0.0,J03WMX,event_end,0.5927927927927928,0.5981981981981982,0.6225225225225225,0.7648648648648648,0.8945945945945946,0.9927927927927928,15.727272727272727
KD,0.0,J03WMX,total,0.7355371900826446,0.7429752066115702,0.765702479338843,0.8574380165289256,0.9351239669421487,0.9962809917355372,9.545867768595041
KD,0.0,J03WN1,pass_like,0.8875502008032129,0.8969210174029452,0.9076305220883534,0.9370816599732262,0.9692101740294511,1.0,4.650602409638554
KD,0.0,J03WN1,set_piece,0.9473684210526315,0.9473684210526315,0.9894736842105263,0.9894736842105263,0.9894736842105263,0.9894736842105263,0.1595744680851064
KD,0.0,J03WN1,incoming,0.788235294117647,0.8235294117647058,0.8470588235294118,0.8941176470588236,0.9411764705882353,0.9882352941176471,6.904761904761905
KD,0.0,J03WN1,minor,0.6025641025641025,0.6666666666666666,0.8205128205128205,0.9230769230769231,0.9487179487179487,1.0,8.512820512820513
KD,0.0,J03WN1,event_start,0.8626865671641791,0.8776119402985074,0.9034825870646767,0.9373134328358209,0.9671641791044776,0.9980099502487563,4.718843469591226
KD,0.0,J03WN1,event_end,0.6448931116389549,0.6555819477434679,0.6769596199524941,0.7624703087885986,0.8752969121140143,0.9893111638954869,16.00723763570567
KD,0.0,J03WN1,total,0.7634001082837033,0.7763941526800217,0.8002165674066053,0.8576069301570114,0.9252842447211694,0.9940443963183541,9.747157552788305
KD,0.0,J03WPY,pass_like,0.9096774193548387,0.921505376344086,0.9290322580645162,0.953763440860215,0.9741935483870968,0.9967741935483871,3.9859762675296655
KD,0.0,J03WPY,set_piece,0.9,0.9,0.9555555555555556,0.9555555555555556,0.9555555555555556,0.9555555555555556,0.1744186046511628
KD,0.0,J03WPY,incoming,0.74,0.75,0.76,0.78,0.85,1.0,26.74
KD,0.0,J03WPY,minor,0.7777777777777778,0.8095238095238095,0.8412698412698413,0.9682539682539683,0.9841269841269841,1.0,3.9682539682539684
KD,0.0,J03WPY,event_start,0.8875739644970414,0.8994082840236687,0.9120879120879121,0.9399830938292477,0.9628064243448858,0.9940828402366864,5.641156462585034
KD,0.0,J03WPY,event_end,0.5931372549019608,0.6029411764705882,0.6107843137254902,0.6990196078431372,0.8519607843137255,0.9803921568627451,19.76976976976977
KD,0.0,J03WPY,total,0.7512482977757603,0.7621425329096686,0.7725828415796641,0.8284157966409441,0.911484339536995,0.9877439854743532,11.976395823876532
KD,0.0,ALL,pass_like,0.8892193308550186,0.8973977695167287,0.9107806691449815,0.9460966542750929,0.9736059479553903,0.9985130111524163,4.0429758966558245
KD,0.0,ALL,set_piece,0.9468085106382979,0.9468085106382979,0.9822695035460993,0.9822695035460993,0.9822695035460993,0.9822695035460993,0.1200611662648573
KD,0.0,ALL,incoming,0.7457627118644068,0.7661016949152543,0.7796610169491526,0.8305084745762712,0.8915254237288136,0.9966101694915255,16.27425343018563
KD,0.0,ALL,minor,0.6926406926406926,0.7489177489177489,0.8311688311688312,0.922077922077922,0.961038961038961,1.0,6.411255411255412
KD,0.0,ALL,event_start,0.8687821612349914,0.8805031446540881,0.9002287021154946,0.9376786735277302,0.9665523156089194,0.9971412235563178,4.923201089014754
KD,0.0,ALL,event_end,0.607671601615074,0.6160834454912517,0.6339165545087483,0.7415881561238223,0.8744952893674294,0.9875504710632571,17.193987880788043
KD,0.0,ALL,total,0.7488408037094282,0.7590417310664606,0.7778979907264296,0.8476043276661515,0.9242658423493045,0.9927357032457497,10.430911901081917
KD,0.25,J03WMX,pass_like,0.9703849950641659,0.9753208292201382,0.981243830207305,0.9842053307008884,0.9911154985192497,0.9990128331688055,0.8517786561264822
KD,0.25,J03WMX,set_piece,1.0,1.0,1.0,1.0,1.0,1.0,0.0
KD,0.25,J03WMX,incoming,0.9272727272727272,0.9363636363636364,0.9363636363636364,0.9545454545454546,0.9636363636363636,1.0,2.6545454545454548
KD,0.25,J03WMX,minor,0.9111111111111111,0.9111111111111111,0.9111111111111111,0.9555555555555556,0.9888888888888889,1.0,2.3666666666666667
KD,0.25,J03WMX,event_start,0.9648854961832061,0.9694656488549618,0.9740458015267176,0.9809160305343512,0.9893129770992366,0.999236641221374,1.0443086325439266
KD,0.25,J03WMX,event_end,0.918018018018018,0.9234234234234234,0.9306306306306307,0.9522522522522523,0.9774774774774775,0.9927927927927928,2.6445454545454545
KD,0.25,J03WMX,total,0.9433884297520662,0.9483471074380165,0.9541322314049587,0.9677685950413223,0.9838842975206612,0.9962809917355372,1.7669421487603305
KD,0.25,J03WN1,pass_like,0.9705488621151271,0.9785809906291834,0.9799196787148594,0.9892904953145917,0.9933065595716198,1.0,0.8165997322623829
KD,0.25,J03WN1,set_piece,0.9789473684210527,0.9789473684210527,0.9894736842105263,0.9894736842105263,0.9894736842105263,0.9894736842105263,0.0425531914893617
KD,0.25,J03WN1,incoming,0.9058823529411765,0.9176470588235294,0.9176470588235294,0.9294117647058824,0.9647058823529412,0.9882352941176471,3.238095238095238
KD,0.25,J03WN1,minor,0.9487179487179487,0.9487179487179487,0.9487179487179487,0.9487179487179487,0.9487179487179487,1.0,5.346153846153846
KD,0.25,J03WN1,event_start,0.9641791044776119,0.9711442786069652,0.9731343283582089,0.981094527363184,0.9870646766169154,0.9980099502487563,1.2991026919242272
KD,0.25,J03WN1,event_end,0.8954869358669834,0.9049881235154394,0.9109263657957245,0.9346793349168646,0.9572446555819477,0.9893111638954869,3.7430639324487336
KD,0.25,J03WN1,total,0.9328641039523552,0.9409853817000542,0.944775311315647,0.9599350297780184,0.9734704926908501,0.9940443963183541,2.3854899837574446
KD,0.25,J03WPY,pass_like,0.9698924731182795,0.9806451612903225,0.9817204301075269,0.9838709677419355,0.9881720430107527,0.9967741935483871,1.3247033441208198
KD,0.25,J03WPY,set_piece,0.9555555555555556,0.9555555555555556,0.9555555555555556,0.9555555555555556,0.9555555555555556,0.9555555555555556,0.0
KD,0.25,J03WPY,incoming,0.86,0.87,0.88,0.89,0.94,1.0,11.07
KD,0.25,J03WPY,minor,0.873015873015873,0.8888888888888888,0.8888888888888888,0.9523809523809523,0.9682539682539683,1.0,5.079365079365079
KD,0.25,J03WPY,event_start,0.9543533389687235,0.9644970414201184,0.9661876584953508,0.9721048182586645,0.9805579036348268,0.9940828402366864,2.25765306122449
KD,0.25,J03WPY,event_end,0.9205882352941176,0.9352941176470588,0.9362745098039216,0.9470588235294117,0.9598039215686275,0.9803921568627451,2.6316316316316315
KD,0.25,J03WPY,total,0.9387199273717658,0.9509759418974126,0.9523377212891512,0.9605083976395824,0.9709487063095779,0.9877439854743532,2.398547435315479
KD,0.25,ALL,pass_like,0.9702602230483272,0.9780669144981413,0.9810408921933086,0.9855018587360594,0.9907063197026023,0.9985130111524163,1.0055114827838247
KD,0.25,ALL,set_piece,0.9787234042553191,0.9787234042553191,0.9822695035460993,0.9822695035460993,0.9822695035460993,0.9822695035460993,0.014335295005281426
KD,0.25,ALL,incoming,0.8983050847457628,0.9084745762711864,0.911864406779661,0.9254237288135593,0.9559322033898305,0.9966101694915255,5.675383373688458
KD,0.25,ALL,minor,0.9134199134199135,0.9177489177489178,0.9177489177489178,0.9523809523809523,0.9696969696969697,1.0,4.112554112554113
KD,0.25,ALL,event_start,0.9611206403659234,0.9682675814751286,0.9711263579188107,0.9779874213836478,0.9857061177815895,0.9971412235563178,1.5278576573599094
KD,0.25,ALL,event_end,0.9125168236877523,0.9222745625841184,0.926985195154778,0.9454912516823688,0.9656796769851952,0.9875504710632571,2.9513356493713165
KD,0.25,ALL,total,0.9387944358578053,0.9471406491499227,0.9508500772797527,0.9630602782071097,0.9765069551777434,0.9927357032457497,2.158578052550232
KD,0.5,J03WMX,pass_like,0.9743336623889437,0.9782823297137216,0.9851924975320829,0.9881539980256664,0.9911154985192497,0.9990128331688055,0.6600790513833992
KD,0.5,J03WMX,set_piece,0.5773195876288659,0.5773195876288659,1.0,1.0,1.0,1.0,1.288659793814433
KD,0.5,J03WMX,incoming,0.9090909090909091,0.9090909090909091,0.9181818181818182,0.9454545454545454,0.9545454545454546,1.0,3.4
KD,0.5,J03WMX,minor,0.8,0.8,0.8,0.9222222222222223,0.9666666666666667,1.0,5.833333333333333
KD,0.5,J03WMX,event_start,0.9274809160305344,0.9305343511450381,0.9679389312977099,0.9809160305343512,0.9870229007633587,0.999236641221374,1.2925897631779986
KD,0.5,J03WMX,event_end,0.936036036036036,0.9423423423423424,0.9486486486486486,0.9675675675675676,0.9792792792792793,0.9927927927927928,1.7563636363636363
KD,0.5,J03WMX,total,0.9314049586776859,0.9359504132231405,0.9590909090909091,0.974793388429752,0.9834710743801653,0.9962809917355372,1.4975206611570249
KD,0.5,J03WN1,pass_like,0.9718875502008032,0.9799196787148594,0.9825970548862115,0.9892904953145917,0.9919678714859438,1.0,0.8246318607764391
KD,0.5,J03WN1,set_piece,0.6947368421052632,0.6947368421052632,0.9789473684210527,0.9894736842105263,0.9894736842105263,0.9894736842105263,0.9680851063829787
KD,0.5,J03WN1,incoming,0.8941176470588236,0.9058823529411765,0.9058823529411765,0.9294117647058824,0.9647058823529412,0.9882352941176471,3.4047619047619047
KD,0.5,J03WN1,minor,0.7948717948717948,0.7948717948717948,0.8205128205128205,0.9102564102564102,0.9102564102564102,1.0,9.076923076923077
KD,0.5,J03WN1,event_start,0.9253731343283582,0.9323383084577115,0.96318407960199,0.9781094527363184,0.9830845771144279,0.9980099502487563,1.695912263210369
KD,0.5,J03WN1,event_end,0.9168646080760094,0.9263657957244655,0.9311163895486936,0.9560570071258907,0.9691211401425178,0.9893111638954869,2.168878166465621
KD,0.5,J03WN1,total,0.9214943151055766,0.9296155928532756,0.9485652409312398,0.9680563075257174,0.9767190037899296,0.9940443963183541,1.8944233892799134
KD,0.5,J03WPY,pass_like,0.9698924731182795,0.9817204301075269,0.9838709677419355,0.9849462365591398,0.986021505376344,0.9967741935483871,1.429341963322546
KD,0.5,J03WPY,set_piece,0.6444444444444445,0.6444444444444445,0.9555555555555556,0.9555555555555556,0.9555555555555556,0.9555555555555556,0.9883720930232558
KD,0.5,J03WPY,incoming,0.86,0.86,0.86,0.89,0.95,1.0,9.91
KD,0.5,J03WPY,minor,0.8571428571428571,0.873015873015873,0.873015873015873,0.9523809523809523,0.9682539682539683,1.0,5.650793650793651
KD,0.5,J03WPY,event_start,0.9298393913778529,0.9399830938292477,0.9653423499577346,0.9729501267962807,0.9797125950972105,0.9940828402366864,2.3443877551020407
KD,0.5,J03WPY,event_end,0.9294117647058824,0.942156862745098,0.9441176470588235,0.9558823529411765,0.9656862745098039,0.9803921568627451,1.8188188188188188
KD,0.5,J03WPY,total,0.9296413980935089,0.94098955969133,0.9555152065365411,0.9650476622787109,0.9732183386291421,0.9877439854743532,2.076259645937358
KD,0.5,ALL,pass_like,0.9721189591078067,0.9799256505576208,0.9840148698884759,0.9873605947955391,0.9895910780669145,0.9985130111524163,0.9717279200525469
KD,0.5,ALL,set_piece,0.6382978723404256,0.6382978723404256,0.9787234042553191,0.9822695035460993,0.9822695035460993,0.9822695035460993,1.084828274746369
KD,0.5,ALL,incoming,0.888135593220339,0.8915254237288136,0.8949152542372881,0.9220338983050848,0.9559322033898305,0.9966101694915255,5.608151735270379
KD,0.5,ALL,minor,0.8138528138528138,0.8181818181818182,0.8268398268398268,0.9264069264069265,0.948051948051948,1.0,6.878787878787879
KD,0.5,ALL,event_start,0.9276729559748428,0.9342481417953116,0.9656946826758147,0.9774156660949114,0.9834190966266438,0.9971412235563178,1.764178138529249
KD,0.5,ALL,event_end,0.9283310901749664,0.9377523553162853,0.9421265141318977,0.9602960969044414,0.971736204576043,0.9875504710632571,1.8946683202297727
KD,0.5,ALL,total,0.9279752704791344,0.9358578052550232,0.9548686244204019,0.9695517774343122,0.9780525502318392,0.9927357032457497,1.8078825347758887
PBDS,0.0,J03WMX,pass_like,0.9605133267522211,0.9644619940769991,0.9772951628825272,0.9881539980256664,0.9901283316880553,0.9990128331688055,0.9011857707509882
PBDS,0.0,J03WMX,set_piece,0.23711340206185566,0.24742268041237114,1.0,1.0,1.0,1.0,2.350515463917526
PBDS,0.0,J03WMX,incoming,0.8818181818181818,0.8818181818181818,0.9181818181818182,0.9636363636363636,0.9636363636363636,1.0,2.8454545454545452
PBDS,0.0,J03WMX,minor,0.9111111111111111,0.9111111111111111,0.9111111111111111,0.9555555555555556,0.9888888888888889,1.0,2.3666666666666667
PBDS,0.0,J03WMX,event_start,0.8969465648854962,0.9007633587786259,0.9694656488549618,0.9847328244274809,0.9885496183206107,0.999236641221374,1.2727272727272727
PBDS,0.0,J03WMX,event_end,0.9234234234234234,0.9306306306306307,0.9396396396396396,0.9711711711711711,0.9828828828828828,0.9927927927927928,1.6309090909090909
PBDS,0.0,J03WMX,total,0.9090909090909091,0.9144628099173554,0.9557851239669422,0.9785123966942149,0.9859504132231405,0.9962809917355372,1.4297520661157024
PBDS,0.0,J03WN1,pass_like,0.9665327978580991,0.9732262382864793,0.9785809906291834,0.9906291834002677,0.9933065595716198,1.0,0.7764390896921017
PBDS,0.0,J03WN1,set_piece,0.3368421052631579,0.3368421052631579,0.968421052631579,0.9894736842105263,0.9894736842105263,0.9894736842105263,2.1808510638297873
PBDS,0.0,J03WN1,incoming,0.8823529411764706,0.8941176470588236,0.9058823529411765,0.9294117647058824,0.9647058823529412,0.9882352941176471,2.9285714285714284
PBDS,0.0,J03WN1,minor,0.9487179487179487,0.9487179487179487,0.9487179487179487,0.9487179487179487,0.9487179487179487,1.0,5.346153846153846
PBDS,0.0,J03WN1,event_start,0.8985074626865671,0.9044776119402985,0.9691542288557214,0.982089552238806,0.9870646766169154,0.9980099502487563,1.4436689930209372
PBDS,0.0,J03WN1,event_end,0.9061757719714965,0.9156769596199525,0.9228028503562945,0.9501187648456056,0.9667458432304038,0.9893111638954869,2.3437876960193003
PBDS,0.0,J03WN1,total,0.902003248511099,0.9095831077422848,0.9480238224147266,0.9675148890092041,0.9778018408229562,0.9940443963183541,1.8359501894964807
PBDS,0.0,J03WPY,pass_like,0.9634408602150538,0.9741935483870968,0.9763440860215054,0.9827956989247312,0.9870967741935484,0.9967741935483871,1.4563106796116505
PBDS,0.0,J03WPY,set_piece,0.2777777777777778,0.2777777777777778,0.9555555555555556,0.9555555555555556,0.9555555555555556,0.9555555555555556,2.244186046511628
PBDS,0.0,J03WPY,incoming,0.84,0.85,0.87,0.89,0.94,1.0,13.87
PBDS,0.0,J03WPY,minor,0.8571428571428571,0.873015873015873,0.873015873015873,0.9365079365079365,0.9523809523809523,1.0,6.222222222222222
PBDS,0.0,J03WPY,event_start,0.8951817413355875,0.9053254437869822,0.9602704987320372,0.9704142011834319,0.9788672865595942,0.9940828402366864,2.824829931972789
PBDS,0.0,J03WPY,event_end,0.9196078431372549,0.9352941176470588,0.9382352941176471,0.9480392156862745,0.961764705882353,0.9803921568627451,2.6476476476476476
PBDS,0.0,J03WPY,total,0.9064911484339537,0.9192010894235134,0.9500680889695869,0.9600544711756696,0.9709487063095779,0.9877439854743532,2.7085792101679527
PBDS,0.0,ALL,pass_like,0.9631970260223048,0.9702602230483272,0.9773234200743495,0.9869888475836431,0.9899628252788104,0.9985130111524163,1.058464727810255
PBDS,0.0,ALL,set_piece,0.28368794326241137,0.2872340425531915,0.975177304964539,0.9822695035460993,0.9822695035460993,0.9822695035460993,2.259424096630767
PBDS,0.0,ALL,incoming,0.8677966101694915,0.8745762711864407,0.8983050847457628,0.9288135593220339,0.9559322033898305,0.9966101694915255,6.606537530266344
PBDS,0.0,ALL,minor,0.9090909090909091,0.9134199134199135,0.9134199134199135,0.948051948051948,0.9653679653679653,1.0,4.424242424242424
PBDS,0.0,ALL,event_start,0.8967981703830761,0.9033733562035449,0.9662664379645511,0.9791309319611207,0.9848484848484849,0.9971412235563178,1.8467506788972494
PBDS,0.0,ALL,event_end,0.9172274562584118,0.9279946164199192,0.9343876177658142,0.9572678331090175,0.9710632570659489,0.9875504710632571,2.181823328249644
PBDS,0.0,ALL,total,0.9061823802163833,0.9146831530139103,0.9516228748068006,0.9690880989180835,0.978516228748068,0.9927357032457497,1.981143740340031
PBDS,0.25,J03WMX,pass_like,0.9703849950641659,0.9753208292201382,0.981243830207305,0.9842053307008884,0.9911154985192497,0.9990128331688055,0.8517786561264822
PBDS,0.25,J03WMX,set_piece,1.0,1.0,1.0,1.0,1.0,1.0,0.0
PBDS,0.25,J03WMX,incoming,0.9272727272727272,0.9363636363636364,0.9363636363636364,0.9545454545454546,0.9636363636363636,1.0,2.6545454545454548
PBDS,0.25,J03WMX,minor,0.9111111111111111,0.9111111111111111,0.9111111111111111,0.9555555555555556,0.9888888888888889,1.0,2.3666666666666667
PBDS,0.25,J03WMX,event_start,0.9648854961832061,0.9694656488549618,0.9740458015267176,0.9809160305343512,0.9893129770992366,0.999236641221374,1.0443086325439266
PBDS,0.25,J03WMX,event_end,0.918018018018018,0.9234234234234234,0.9306306306306307,0.9522522522522523,0.9774774774774775,0.9927927927927928,2.6445454545454545
PBDS,0.25,J03WMX,total,0.9433884297520662,0.9483471074380165,0.9541322314049587,0.9677685950413223,0.9838842975206612,0.9962809917355372,1.7669421487603305
PBDS,0.25,J03WN1,pass_like,0.9705488621151271,0.9785809906291834,0.9799196787148594,0.9892904953145917,0.9933065595716198,1.0,0.8165997322623829
PBDS,0.25,J03WN1,set_piece,0.9789473684210527,0.9789473684210527,0.9894736842105263,0.9894736842105263,0.9894736842105263,0.9894736842105263,0.0425531914893617
PBDS,0.25,J03WN1,incoming,0.9058823529411765,0.9176470588235294,0.9176470588235294,0.9294117647058824,0.9647058823529412,0.9882352941176471,3.238095238095238
PBDS,0.25,J03WN1,minor,0.9487179487179487,0.9487179487179487,0.9487179487179487,0.9487179487179487,0.9487179487179487,1.0,5.346153846153846
PBDS,0.25,J03WN1,event_start,0.9641791044776119,0.9711442786069652,0.9731343283582089,0.981094527363184,0.9870646766169154,0.9980099502487563,1.2991026919242272
PBDS,0.25,J03WN1,event_end,0.8954869358669834,0.9049881235154394,0.9109263657957245,0.9346793349168646,0.9572446555819477,0.9893111638954869,3.7430639324487336
PBDS,0.25,J03WN1,total,0.9328641039523552,0.9409853817000542,0.944775311315647,0.9599350297780184,0.9734704926908501,0.9940443963183541,2.3854899837574446
PBDS,0.25,J03WPY,pass_like,0.9698924731182795,0.9806451612903225,0.9817204301075269,0.9838709677419355,0.9881720430107527,0.9967741935483871,1.3247033441208198
PBDS,0.25,J03WPY,set_piece,0.9555555555555556,0.9555555555555556,0.9555555555555556,0.9555555555555556,0.9555555555555556,0.9555555555555556,0.0
PBDS,0.25,J03WPY,incoming,0.86,0.87,0.88,0.89,0.94,1.0,11.07
PBDS,0.25,J03WPY,minor,0.873015873015873,0.8888888888888888,0.8888888888888888,0.9523809523809523,0.9682539682539683,1.0,5.079365079365079
PBDS,0.25,J03WPY,event_start,0.9543533389687235,0.9644970414201184,0.9661876584953508,0.9721048182586645,0.9805579036348268,0.9940828402366864,2.25765306122449
PBDS,0.25,J03WPY,event_end,0.9205882352941176,0.9352941176470588,0.9362745098039216,0.9470588235294117,0.9598039215686275,0.9803921568627451,2.6316316316316315
PBDS,0.25,J03WPY,total,0.9387199273717658,0.9509759418974126,0.9523377212891512,0.9605083976395824,0.9709487063095779,0.9877439854743532,2.398547435315479
PBDS,0.25,ALL,pass_like,0.9702602230483272,0.9780669144981413,0.9810408921933086,0.9855018587360594,0.9907063197026023,0.9985130111524163,1.0055114827838247
PBDS,0.25,ALL,set_piece,0.9787234042553191,0.9787234042553191,0.9822695035460993,0.9822695035460993,0.9822695035460993,0.9822695035460993,0.014335295005281426
PBDS,0.25,ALL,incoming,0.8983050847457628,0.9084745762711864,0.911864406779661,0.9254237288135593,0.9559322033898305,0.9966101694915255,5.675383373688458
PBDS,0.25,ALL,minor,0.9134199134199135,0.9177489177489178,0.9177489177489178,0.9523809523809523,0.9696969696969697,1.0,4.112554112554113
PBDS,0.25,ALL,event_start,0.9611206403659234,0.9682675814751286,0.9711263579188107,0.9779874213836478,0.9857061177815895,0.9971412235563178,1.5278576573599094
PBDS,0.25,ALL,event_end,0.9125168236877523,0.9222745625841184,0.926985195154778,0.9454912516823688,0.9656796769851952,0.9875504710632571,2.9513356493713165
PBDS,0.25,ALL,total,0.9387944358578053,0.9471406491499227,0.9508500772797527,0.9630602782071097,0.9765069551777434,0.9927357032457497,2.158578052550232
PBDS,0.5,J03WMX,pass_like,0.9585389930898321,0.9624876604146101,0.9723593287265548,0.9802566633761106,0.9881539980256664,0.9990128331688055,1.2608695652173914
PBDS,0.5,J03WMX,set_piece,0.9896907216494846,0.9896907216494846,1.0,1.0,1.0,1.0,0.030927835051546393
PBDS,0.5,J03WMX,incoming,0.9181818181818182,0.9272727272727272,0.9363636363636364,0.9454545454545454,0.9636363636363636,1.0,3.6
PBDS,0.5,J03WMX,minor,0.9111111111111111,0.9111111111111111,0.9111111111111111,0.9555555555555556,0.9888888888888889,1.0,2.3666666666666667
PBDS,0.5,J03WMX,event_start,0.9541984732824428,0.9580152671755725,0.9671755725190839,0.9770992366412213,0.9870229007633587,0.999236641221374,1.442322383498854
PBDS,0.5,J03WMX,event_end,0.8810810810810811,0.8864864864864865,0.8963963963963963,0.9306306306306307,0.9675675675675676,0.9927927927927928,3.9936363636363637
PBDS,0.5,J03WMX,total,0.9206611570247933,0.925206611570248,0.9347107438016529,0.9557851239669422,0.978099173553719,0.9962809917355372,2.5954545454545452
PBDS,0.5,J03WN1,pass_like,0.9585006693440429,0.9678714859437751,0.9705488621151271,0.9825970548862115,0.9892904953145917,1.0,1.2008032128514057
PBDS,0.5,J03WN1,set_piece,0.9578947368421052,0.9578947368421052,0.9894736842105263,0.9894736842105263,0.9894736842105263,0.9894736842105263,0.1276595744680851
PBDS,0.5,J03WN1,incoming,0.8941176470588236,0.9058823529411765,0.9058823529411765,0.9176470588235294,0.9647058823529412,0.9882352941176471,3.6785714285714284
PBDS,0.5,J03WN1,minor,0.9487179487179487,0.9487179487179487,0.9487179487179487,0.9487179487179487,0.9487179487179487,1.0,5.346153846153846
PBDS,0.5,J03WN1,event_start,0.9522388059701492,0.9601990049751243,0.9651741293532339,0.9751243781094527,0.9840796019900497,0.9980099502487563,1.6301096709870389
PBDS,0.5,J03WN1,event_end,0.8729216152019003,0.8836104513064132,0.8907363420427553,0.9204275534441805,0.9513064133016627,0.9893111638954869,4.536791314837153
PBDS,0.5,J03WN1,total,0.916080129940444,0.9252842447211694,0.9312398484028154,0.9501894964807797,0.969139144558744,0.9940443963183541,2.9214943151055768
PBDS,0.5,J03WPY,pass_like,0.967741935483871,0.978494623655914,0.9795698924731183,0.9817204301075269,0.986021505376344,0.9967741935483871,1.5782092772384035
PBDS,0.5,J03WPY,set_piece,0.9,0.9,0.9555555555555556,0.9555555555555556,0.9555555555555556,0.9555555555555556,0.1744186046511628
PBDS,0.5,J03WPY,incoming,0.84,0.85,0.86,0.87,0.92,1.0,13.61
PBDS,0.5,J03WPY,minor,0.873015873015873,0.8888888888888888,0.8888888888888888,0.9523809523809523,0.9682539682539683,1.0,5.079365079365079
PBDS,0.5,J03WPY,event_start,0.9467455621301775,0.9568892645815723,0.9628064243448858,0.9687235841081995,0.9771766694843618,0.9940828402366864,2.686224489795918
PBDS,0.5,J03WPY,event_end,0.907843137254902,0.9225490196078432,0.9235294117647059,0.9352941176470588,0.9519607843137254,0.9803921568627451,3.364364364364364
PBDS,0.5,J03WPY,total,0.9287335451656832,0.94098955969133,0.9446209714026328,0.9532455742169769,0.9655015887426237,0.9877439854743532,2.9596005447117566
PBDS,0.5,ALL,pass_like,0.9617100371747211,0.9695167286245353,0.9743494423791822,0.9814126394052045,0.987732342007435,0.9985130111524163,1.3539016718947705
PBDS,0.5,ALL,set_piece,0.950354609929078,0.950354609929078,0.9822695035460993,0.9822695035460993,0.9822695035460993,0.9822695035460993,0.10930969501089623
PBDS,0.5,ALL,incoming,0.8847457627118644,0.8949152542372881,0.9016949152542373,0.911864406779661,0.9491525423728814,0.9966101694915255,7.015859564164649
PBDS,0.5,ALL,minor,0.9134199134199135,0.9177489177489178,0.9177489177489178,0.9523809523809523,0.9696969696969697,1.0,4.112554112554113
PBDS,0.5,ALL,event_start,0.951114922813036,0.9582618639222413,0.9651229273870783,0.9736992567181246,0.9828473413379074,0.9971412235563178,1.9169542919251128
PBDS,0.5,ALL,event_end,0.8879542395693136,0.8980484522207268,0.9041049798115747,0.9293405114401077,0.9576043068640646,0.9875504710632571,3.931549899858983
PBDS,0.5,ALL,total,0.9221020092735703,0.9306027820710974,0.9370942812982999,0.953323029366306,0.9712519319938177,0.9927357032457497,2.8125193199381764
OD,0.0,J03WMX,pass_like,0.9703849950641659,0.9753208292201382,0.981243830207305,0.9842053307008884,0.9911154985192497,0.9990128331688055,0.8517786561264822
OD,0.0,J03WMX,set_piece,1.0,1.0,1.0,1.0,1.0,1.0,0.0
OD,0.0,J03WMX,incoming,0.9363636363636364,0.9363636363636364,0.9363636363636364,0.9545454545454546,0.9636363636363636,1.0,3.5090909090909093
OD,0.0,J03WMX,minor,0.7444444444444445,0.7666666666666667,0.8,0.8777777777777778,0.9333333333333333,0.9888888888888889,8.865168539325843
OD,0.0,J03WMX,event_start,0.9541984732824428,0.9595419847328245,0.966412213740458,0.9755725190839695,0.9854961832061069,0.9984732824427481,1.5573394495412844
OD,0.0,J03WMX,event_end,0.9162162162162162,0.9216216216216216,0.9288288288288288,0.9522522522522523,0.9774774774774775,0.9927927927927928,2.679090909090909
OD,0.0,J03WMX,total,0.9367768595041323,0.9421487603305785,0.9491735537190082,0.9648760330578512,0.9818181818181818,0.9958677685950413,2.059504132231405
OD,0.0,J03WN1,pass_like,0.9705488621151271,0.9785809906291834,0.9799196787148594,0.9892904953145917,0.9933065595716198,1.0,0.8165997322623829
OD,0.0,J03WN1,set_piece,0.9789473684210527,0.9789473684210527,0.9894736842105263,0.9894736842105263,0.9894736842105263,0.9894736842105263,0.0425531914893617
OD,0.0,J03WN1,incoming,0.9058823529411765,0.9176470588235294,0.9176470588235294,0.9294117647058824,0.9647058823529412,0.9882352941176471,3.238095238095238
OD,0.0,J03WN1,minor,0.8333333333333334,0.8461538461538461,0.8846153846153846,0.9358974358974359,0.9615384615384616,1.0,5.730769230769231
OD,0.0,J03WN1,event_start,0.9552238805970149,0.96318407960199,0.9681592039800995,0.9800995024875622,0.9880597014925373,0.9980099502487563,1.3290129611166501
OD,0.0,J03WN1,event_end,0.8966745843230404,0.9061757719714965,0.9121140142517815,0.9358669833729216,0.9584323040380047,0.9893111638954869,3.6429433051869724
OD,0.0,J03WN1,total,0.9285327558202491,0.9371954520844613,0.9426096372495939,0.9599350297780184,0.9745533297238765,0.9940443963183541,2.3567948023822414
OD,0.0,J03WPY,pass_like,0.9698924731182795,0.9806451612903225,0.9817204301075269,0.9838709677419355,0.9881720430107527,0.9967741935483871,1.3247033441208198
OD,0.0,J03WPY,set_piece,0.9555555555555556,0.9555555555555556,0.9555555555555556,0.9555555555555556,0.9555555555555556,0.9555555555555556,0.0
OD,0.0,J03WPY,incoming,0.86,0.87,0.88,0.89,0.94,1.0,11.07
OD,0.0,J03WPY,minor,0.7936507936507936,0.7936507936507936,0.7936507936507936,0.9206349206349206,0.9365079365079365,1.0,9.46031746031746
OD,0.0,J03WPY,event_start,0.9501267962806424,0.959425190194421,0.9611158072696534,0.9704142011834319,0.9788672865595942,0.9940828402366864,2.49234693877551
OD,0.0,J03WPY,event_end,0.9205882352941176,0.9352941176470588,0.9372549019607843,0.9470588235294117,0.9598039215686275,0.9803921568627451,2.6276276276276276
OD,0.0,J03WPY,total,0.9364502950522016,0.9482523831139356,0.9500680889695869,0.9596005447117567,0.9700408533817522,0.9877439854743532,2.522015433499773
OD,0.0,ALL,pass_like,0.9702602230483272,0.9780669144981413,0.9810408921933086,0.9855018587360594,0.9907063197026023,0.9985130111524163,1.0055114827838247
OD,0.0,ALL,set_piece,0.9787234042553191,0.9787234042553191,0.9822695035460993,0.9822695035460993,0.9822695035460993,0.9822695035460993,0.014335295005281426
OD,0.0,ALL,incoming,0.9016949152542373,0.9084745762711864,0.911864406779661,0.9254237288135593,0.9559322033898305,0.9966101694915255,5.994027441485068
OD,0.0,ALL,minor,0.7878787878787878,0.8008658008658008,0.8268398268398268,0.9090909090909091,0.9437229437229437,0.9956709956709957,7.969113283720025
OD,0.0,ALL,event_start,0.9531160663236135,0.9605488850771869,0.9651229273870783,0.9751286449399656,0.9839908519153803,0.9968553459119497,1.8079528683226826
OD,0.0,ALL,event_end,0.9121803499327052,0.9219380888290714,0.926985195154778,0.9458277254374159,0.9660161507402423,0.9875504710632571,2.9344984361502426
OD,0.0,ALL,total,0.9343122102009274,0.9428129829984544,0.9476043276661514,0.9616692426584235,0.9757341576506955,0.99258114374034,2.301854714064915
OD,0.25,J03WMX,pass_like,0.9703849950641659,0.9753208292201382,0.981243830207305,0.9842053307008884,0.9911154985192497,0.9990128331688055,0.8517786561264822
OD,0.25,J03WMX,set_piece,1.0,1.0,1.0,1.0,1.0,1.0,0.0
OD,0.25,J03WMX,incoming,0.9272727272727272,0.9363636363636364,0.9363636363636364,0.9545454545454546,0.9636363636363636,1.0,2.6545454545454548
OD,0.25,J03WMX,minor,0.9111111111111111,0.9111111111111111,0.9111111111111111,0.9555555555555556,0.9888888888888889,1.0,2.3666666666666667
OD,0.25,J03WMX,event_start,0.9648854961832061,0.9694656488549618,0.9740458015267176,0.9809160305343512,0.9893129770992366,0.999236641221374,1.0443086325439266
OD,0.25,J03WMX,event_end,0.918018018018018,0.9234234234234234,0.9306306306306307,0.9522522522522523,0.9774774774774775,0.9927927927927928,2.6445454545454545
OD,0.25,J03WMX,total,0.9433884297520662,0.9483471074380165,0.9541322314049587,0.9677685950413223,0.9838842975206612,0.9962809917355372,1.7669421487603305
OD,0.25,J03WN1,pass_like,0.9705488621151271,0.9785809906291834,0.9799196787148594,0.9892904953145917,0.9933065595716198,1.0,0.8165997322623829
OD,0.25,J03WN1,set_piece,0.9789473684210527,0.9789473684210527,0.9894736842105263,0.9894736842105263,0.9894736842105263,0.9894736842105263,0.0425531914893617
OD,0.25,J03WN1,incoming,0.9058823529411765,0.9176470588235294,0.9176470588235294,0.9294117647058824,0.9647058823529412,0.9882352941176471,3.238095238095238
OD,0.25,J03WN1,minor,0.9487179487179487,0.9487179487179487,0.9487179487179487,0.9487179487179487,0.9487179487179487,1.0,5.346153846153846
OD,0.25,J03WN1,event_start,0.9641791044776119,0.9711442786069652,0.9731343283582089,0.981094527363184,0.9870646766169154,0.9980099502487563,1.2991026919242272
OD,0.25,J03WN1,event_end,0.8954869358669834,0.9049881235154394,0.9109263657957245,0.9346793349168646,0.9572446555819477,0.9893111638954869,3.7430639324487336
OD,0.25,J03WN1,total,0.9328641039523552,0.9409853817000542,0.944775311315647,0.9599350297780184,0.9734704926908501,0.9940443963183541,2.3854899837574446
OD,0.25,J03WPY,pass_like,0.9698924731182795,0.9806451612903225,0.9817204301075269,0.9838709677419355,0.9881720430107527,0.9967741935483871,1.3247033441208198
OD,0.25,J03WPY,set_piece,0.9555555555555556,0.9555555555555556,0.9555555555555556,0.9555555555555556,0.9555555555555556,0.9555555555555556,0.0
OD,0.25,J03WPY,incoming,0.86,0.87,0.88,0.89,0.94,1.0,11.07
OD,0.25,J03WPY,minor,0.873015873015873,0.8888888888888888,0.8888888888888888,0.9523809523809523,0.9682539682539683,1.0,5.079365079365079
OD,0.25,J03WPY,event_start,0.9543533389687235,0.9644970414201184,0.9661876584953508,0.9721048182586645,0.9805579036348268,0.9940828402366864,2.25765306122449
OD,0.25,J03WPY,event_end,0.9205882352941176,0.9352941176470588,0.9362745098039216,0.9470588235294117,0.9598039215686275,0.9803921568627451,2.6316316316316315
OD,0.25,J03WPY,total,0.9387199273717658,0.9509759418974126,0.9523377212891512,0.9605083976395824,0.9709487063095779,0.9877439854743532,2.398547435315479
OD,0.25,ALL,pass_like,0.9702602230483272,0.9780669144981413,0.9810408921933086,0.9855018587360594,0.9907063197026023,0.9985130111524163,1.0055114827838247
OD,0.25,ALL,set_piece,0.9787234042553191,0.9787234042553191,0.9822695035460993,0.9822695035460993,0.9822695035460993,0.9822695035460993,0.014335295005281426
OD,0.25,ALL,incoming,0.8983050847457628,0.9084745762711864,0.911864406779661,0.9254237288135593,0.9559322033898305,0.9966101694915255,5.675383373688458
OD,0.25,ALL,minor,0.9134199134199135,0.9177489177489178,0.9177489177489178,0.9523809523809523,0.9696969696969697,1.0,4.112554112554113
OD,0.25,ALL,event_start,0.9611206403659234,0.9682675814751286,0.9711263579188107,0.9779874213836478,0.9857061177815895,0.9971412235563178,1.5278576573599094
OD,0.25,ALL,event_end,0.9125168236877523,0.9222745625841184,0.926985195154778,0.9454912516823688,0.9656796769851952,0.9875504710632571,2.9513356493713165
OD,0.25,ALL,total,0.9387944358578053,0.9471406491499227,0.9508500772797527,0.9630602782071097,0.9765069551777434,0.9927357032457497,2.158578052550232
OD,0.5,J03WMX,pass_like,0.9703849950641659,0.9753208292201382,0.981243830207305,0.9842053307008884,0.9911154985192497,0.9990128331688055,0.8517786561264822
OD,0.5,J03WMX,set_piece,1.0,1.0,1.0,1.0,1.0,1.0,0.0
OD,0.5,J03WMX,incoming,0.9272727272727272,0.9363636363636364,0.9363636363636364,0.9545454545454546,0.9636363636363636,1.0,2.6545454545454548
OD,0.5,J03WMX,minor,0.8444444444444444,0.8444444444444444,0.8444444444444444,0.9111111111111111,0.9444444444444444,1.0,5.766666666666667
OD,0.5,J03WMX,event_start,0.9603053435114504,0.9648854961832061,0.9694656488549618,0.9778625954198473,0.9862595419847329,0.999236641221374,1.2780748663101604
OD,0.5,J03WMX,event_end,0.9171171171171171,0.9225225225225225,0.9297297297297298,0.9522522522522523,0.9774774774774775,0.9927927927927928,2.653636363636364
OD,0.5,J03WMX,total,0.9404958677685951,0.9454545454545454,0.9512396694214876,0.9661157024793389,0.9822314049586777,0.9962809917355372,1.8975206611570248
OD,0.5,J03WN1,pass_like,0.9705488621151271,0.9785809906291834,0.9799196787148594,0.9892904953145917,0.9933065595716198,1.0,0.8165997322623829
OD,0.5,J03WN1,set_piece,0.9789473684210527,0.9789473684210527,0.9894736842105263,0.9894736842105263,0.9894736842105263,0.9894736842105263,0.0425531914893617
OD,0.5,J03WN1,incoming,0.8941176470588236,0.9058823529411765,0.9058823529411765,0.9176470588235294,0.9529411764705882,0.9882352941176471,3.988095238095238
OD,0.5,J03WN1,minor,0.8717948717948718,0.8717948717948718,0.8846153846153846,0.8974358974358975,0.9358974358974359,1.0,7.756410256410256
OD,0.5,J03WN1,event_start,0.9572139303482587,0.9641791044776119,0.9671641791044776,0.9761194029850746,0.9850746268656716,0.9980099502487563,1.5493519441674974
OD,0.5,J03WN1,event_end,0.8954869358669834,0.9049881235154394,0.9109263657957245,0.9346793349168646,0.9572446555819477,0.9893111638954869,3.7430639324487336
OD,0.5,J03WN1,total,0.9290741743367623,0.9371954520844613,0.9415268002165674,0.9572279371954521,0.9723876556578235,0.9940443963183541,2.521386031402274
OD,0.5,J03WPY,pass_like,0.9698924731182795,0.9806451612903225,0.9817204301075269,0.9838709677419355,0.9881720430107527,0.9967741935483871,1.3247033441208198
OD,0.5,J03WPY,set_piece,0.9555555555555556,0.9555555555555556,0.9555555555555556,0.9555555555555556,0.9555555555555556,0.9555555555555556,0.0
OD,0.5,J03WPY,incoming,0.86,0.87,0.88,0.89,0.94,1.0,11.07
OD,0.5,J03WPY,minor,0.8095238095238095,0.8253968253968254,0.8253968253968254,0.9206349206349206,0.9682539682539683,1.0,5.841269841269841
OD,0.5,J03WPY,event_start,0.9509721048182587,0.9611158072696534,0.9628064243448858,0.9704142011834319,0.9805579036348268,0.9940828402366864,2.298469387755102
OD,0.5,J03WPY,event_end,0.9205882352941176,0.9352941176470588,0.9362745098039216,0.9470588235294117,0.9598039215686275,0.9803921568627451,2.6316316316316315
OD,0.5,J03WPY,total,0.9369042215161144,0.9491602360417613,0.9505220154334998,0.9596005447117567,0.9709487063095779,0.9877439854743532,2.4203359055832956
OD,0.5,ALL,pass_like,0.9702602230483272,0.9780669144981413,0.9810408921933086,0.9855018587360594,0.9907063197026023,0.9985130111524163,1.0055114827838247
OD,0.5,ALL,set_piece,0.9787234042553191,0.9787234042553191,0.9822695035460993,0.9822695035460993,0.9822695035460993,0.9822695035460993,0.014335295005281426
OD,0.5,ALL,incoming,0.8949152542372881,0.9050847457627119,0.9084745762711864,0.9220338983050848,0.9525423728813559,0.9966101694915255,5.891485068603712
OD,0.5,ALL,minor,0.8441558441558441,0.8484848484848485,0.8528138528138528,0.9090909090909091,0.948051948051948,1.0,6.458874458874459
OD,0.5,ALL,event_start,0.9562607204116638,0.9634076615208691,0.9665523156089194,0.9748427672955975,0.9839908519153803,0.9971412235563178,1.7011052214033533
OD,0.5,ALL,event_end,0.9121803499327052,0.9219380888290714,0.9266487213997309,0.9454912516823688,0.9656796769851952,0.9875504710632571,2.9547309754449733
OD,0.5,ALL,total,0.9360123647604328,0.9443585780525502,0.9482225656877898,0.9613601236476044,0.9755795981452859,0.9927357032457497,2.2536321483771253
